position,input Position,company,location,input City,salary
Associate Creative Director,Creative Director,B-Reel,"New York, NY 10013 
(Tribeca area)",New York City,110.8
"Group Creative Director, CPOS",Creative Director,Square,"New York, NY",New York City,151.0
Creative Director,Creative Director,dentsu,"New York, NY 10017 
(Murray Hill area)",New York City,144.5
Creative Director,Creative Director,ONE37pm,"Hybrid remote in New York, NY",New York City,123.5
Creative Director,Creative Director,Billie,"Remote in New York, NY",New York City,145.0
Creative Director,Creative Director,Thinkingbox,"New York, NY",New York City,128.0
Creative Director,Creative Director,Dentsu Media,"New York, NY 10017 
(Murray Hill area)",New York City,120.0
Associate Creative Director,Creative Director,Flex,"Remote in New York, NY",New York City,142.5
"Senior Director, Creative Strategy",Creative Director,Braze,"New York, NY",New York City,183.5
Creative Director,Creative Director,Showtime,"New York, NY 10036",New York City,101.9
Creative Director,Creative Director,Blink Fitness,"New York, NY 10016 
(Gramercy area)",New York City,159.5
"Manager, Creative Director",Creative Director,Capital One,"New York, NY 10017 
(Midtown area)
+1 location",New York City,115.5
"Creative Director, Copy",Creative Director,Piano,"Remote in New York, NY 10003",New York City,175.0
Creative Director,Creative Director,Hearst Media Services,"New York, NY 10019 
(Midtown area)",New York City,118.0
"Associate Creative Director, Art",Creative Director,Consensys,"Remote in New York, NY 10036
+1 location",New York City,132.5
Creative Director,Creative Director,Dandy,"New York, NY",New York City,218.5
"Associate Director, Creative Director",Creative Director,Dentsu Media,"New York, NY 10017 
(Murray Hill area)",New York City,87.0
Creative Director,Creative Director,Leap,"New York, NY",New York City,111.1
"Creative Director, BX - SVP",Creative Director,IPG Health,"New York, NY
+2 locations",New York City,78.2
"Creative Director, Marketing",Creative Director,Paramount+,"Remote in New York, NY 10036
+1 location",New York City,129.0
"Associate Director, Creative Strategy",Creative Director,"Employment Opportunities at BuzzFeed, Inc.","Remote in New York, NY",New York City,86.5
Creative Director,Creative Director,Skilled Creative,"Remote in New York, NY 10004",New York City,125.0
Executive Creative Director,Creative Director,SoulCycle HQ,"New York, NY",New York City,127.0
Creative Director,Creative Director,Spring Health,"Remote in New York, NY 10003",New York City,118.5
Creative Director,Creative Director,ESI Design,"New York, NY 10003 
(Flatiron area)",New York City,120.5
"SVP, Creative Director - Art or Copy",Creative Director,Saatchi & Saatchi (We Are Saatchi),"New York, NY 10014 
(SoHo area)",New York City,164.5
Associate Creative Director,Creative Director,B-Reel,"New York, NY 10013 
(Tribeca area)",New York City,110.8
"Group Creative Director, CPOS",Creative Director,Square,"New York, NY",New York City,151.0
Creative Director,Creative Director,dentsu,"New York, NY 10017 
(Murray Hill area)",New York City,144.5
Creative Director,Creative Director,ONE37pm,"Hybrid remote in New York, NY",New York City,123.5
Creative Director,Creative Director,Billie,"Remote in New York, NY",New York City,145.0
Creative Director,Creative Director,Thinkingbox,"New York, NY",New York City,128.0
Creative Director,Creative Director,Dentsu Media,"New York, NY 10017 
(Murray Hill area)",New York City,120.0
Associate Creative Director,Creative Director,Flex,"Remote in New York, NY",New York City,142.5
"Senior Director, Creative Strategy",Creative Director,Braze,"New York, NY",New York City,183.5
Creative Director,Creative Director,Showtime,"New York, NY 10036",New York City,101.9
Creative Director,Creative Director,Blink Fitness,"New York, NY 10016 
(Gramercy area)",New York City,159.5
"Manager, Creative Director",Creative Director,Capital One,"New York, NY 10017 
(Midtown area)
+1 location",New York City,115.5
"Creative Director, Copy",Creative Director,Piano,"Remote in New York, NY 10003",New York City,175.0
Creative Director,Creative Director,Hearst Media Services,"New York, NY 10019 
(Midtown area)",New York City,118.0
"Associate Creative Director, Art",Creative Director,Consensys,"Remote in New York, NY 10036
+1 location",New York City,132.5
Creative Director,Creative Director,Dandy,"New York, NY",New York City,218.5
"Associate Director, Creative Director",Creative Director,Dentsu Media,"New York, NY 10017 
(Murray Hill area)",New York City,87.0
Creative Director,Creative Director,Leap,"New York, NY",New York City,111.1
"Creative Director, BX - SVP",Creative Director,IPG Health,"New York, NY
+2 locations",New York City,78.2
"Creative Director, Marketing",Creative Director,Paramount+,"Remote in New York, NY 10036
+1 location",New York City,129.0
"Associate Director, Creative Strategy",Creative Director,"Employment Opportunities at BuzzFeed, Inc.","Remote in New York, NY",New York City,86.5
Creative Director,Creative Director,Skilled Creative,"Remote in New York, NY 10004",New York City,125.0
Executive Creative Director,Creative Director,SoulCycle HQ,"New York, NY",New York City,127.0
Creative Director,Creative Director,Spring Health,"Remote in New York, NY 10003",New York City,118.5
Creative Director,Creative Director,ESI Design,"New York, NY 10003 
(Flatiron area)",New York City,120.5
"SVP, Creative Director - Art or Copy",Creative Director,Saatchi & Saatchi (We Are Saatchi),"New York, NY 10014 
(SoHo area)",New York City,164.5
Associate Creative Director,Creative Director,B-Reel,"New York, NY 10013 
(Tribeca area)",New York City,110.8
Creative Director,Creative Director,Thinkingbox,"New York, NY",New York City,128.0
Creative Director,Creative Director,dentsu,"New York, NY 10017 
(Murray Hill area)",New York City,144.5
Creative Director,Creative Director,ONE37pm,"Hybrid remote in New York, NY",New York City,123.5
"Group Creative Director, CPOS",Creative Director,Square,"New York, NY",New York City,151.0
Creative Director,Creative Director,Billie,"Remote in New York, NY",New York City,145.0
Associate Creative Director,Creative Director,Flex,"Remote in New York, NY",New York City,142.5
"Group Creative Director, Creative Technologist | Web3",Creative Director,Razorfish,"New York, NY 10014 
(SoHo area)",New York City,158.0
Creative Director,Creative Director,Blink Fitness,"New York, NY 10016 
(Gramercy area)",New York City,159.5
Creative Director,Creative Director,Dentsu Media,"New York, NY 10017 
(Murray Hill area)",New York City,120.0
Creative Director,Creative Director,Spring Health,"Remote in New York, NY 10003",New York City,118.5
"Senior Director, Creative Strategy",Creative Director,Braze,"New York, NY",New York City,183.5
Creative Director,Creative Director,Dandy,"New York, NY",New York City,218.5
"Associate Director, Creative Director",Creative Director,Dentsu Media,"New York, NY 10017 
(Murray Hill area)",New York City,87.0
"Creative Director, BX - SVP",Creative Director,IPG Health,"New York, NY
+2 locations",New York City,78.2
"Associate Creative Director, Art",Creative Director,160over90,"New York, NY
+1 location",New York City,98.6
Creative Director,Creative Director,Showtime,"New York, NY 10036",New York City,101.9
Creative Director,Creative Director,Hearst Media Services,"New York, NY 10019 
(Midtown area)",New York City,118.0
"Associate Creative Director, Art",Creative Director,Consensys,"Remote in New York, NY 10036
+1 location",New York City,132.5
"Associate Creative Director, Art",Creative Director,Clutch,"Hybrid remote in New York, NY
+1 location",New York City,135.0
Creative Director,Creative Director,Leap,"New York, NY",New York City,111.1
Creative Director,Creative Director,ESI Design,"New York, NY 10003 
(Flatiron area)",New York City,120.5
"Associate Creative Director, Refinery29",Creative Director,VICE MEDIA GROUP,"Brooklyn, NY 11249 
(Chelsea area)
+1 location",New York City,114.0
"Creative Director, Global Brand & Originals",Creative Director,Paramount Networks International,"Miami, FL 33136 
(Overtown area)",Miami,118.0
Creative Director,Creative Director,Paper Street Media,"Miami, FL 33132 
(Downtown area)",Miami,86.7
Senior Creative Director,Creative Director,Metrostudio,"Miami, FL",Miami,95.0
"Associate Creative Director, Art",Creative Director,Alma,"Miami, FL
+1 location",Miami,80.0
Social Media Director,Creative Director,Miami Dade College,"Miami, FL 33132 
(Downtown area)",Miami,85.7935
Associate Creative Director,Creative Director,Razorfish,"Miami, FL 33133 
(North-East Coconut Grove area)
+1 location",Miami,131.0
"Creative Services Director, WSFL",Creative Director,The E.W. Scripps Company,"Miami, FL",Miami,78.6
Account Director (Creative Production),Creative Director,Accenture,"Miami, FL 33126 
(Flagami area)",Miami,94.486
Creative Director,Creative Director,Viramar Worldwide,"Fort Lauderdale, FL",Miami,89.3
Metaverse Creative Director,Creative Director,Accenture,"Miami, FL 33126 
(Flagami area)
+1 location",Miami,211.458
Creative Director - Marketing Manager,Creative Director,Orionvisual,"Miami, FL 33150",Miami,52.400000000000006
Creative Director,Creative Director,West Marine,"Fort Lauderdale, FL",Miami,118.0
Associate Creative Director - Design - Deloitte’s Green Dot...,Creative Director,Deloitte,"Miami, FL 33131 
(Downtown area)
+2 locations",Miami,127.0
"Associate Director, Instructional Design & Development",Creative Director,KPMG,"Miami, FL
+1 location",Miami,104.9
"Boutique Director, Miami Design District, Men's",Creative Director,Christian Dior Couture,"Miami, FL 33137 
(Little Haiti area)",Miami,55.4
"Director, Experience Design",Creative Director,Magic Leap - Multiple Locations,"Remote in Fort Lauderdale, FL",Miami,141.5
"Creative Director, Global Brand & Originals",Creative Director,Paramount Networks International,"Miami, FL 33136 
(Overtown area)",Miami,118.0
Creative Director,Creative Director,Paper Street Media,"Miami, FL 33132 
(Downtown area)",Miami,86.7
Senior Creative Director,Creative Director,Metrostudio,"Miami, FL",Miami,95.0
"Associate Creative Director, Art",Creative Director,Alma,"Miami, FL
+1 location",Miami,80.0
"Creative Services Director, WSFL",Creative Director,The E.W. Scripps Company,"Miami, FL",Miami,78.6
Account Director (Creative Production),Creative Director,Accenture,"Miami, FL 33126 
(Flagami area)",Miami,94.486
Creative Director,Creative Director,Viramar Worldwide,"Fort Lauderdale, FL",Miami,89.3
Metaverse Creative Director,Creative Director,Accenture,"Miami, FL 33126 
(Flagami area)
+1 location",Miami,211.458
Associate Creative Director,Creative Director,Razorfish,"Miami, FL 33133 
(North-East Coconut Grove area)
+1 location",Miami,131.0
Social Media Director,Creative Director,Miami Dade College,"Miami, FL 33132 
(Downtown area)",Miami,85.7935
Associate Creative Director - Design - Deloitte’s Green Dot...,Creative Director,Deloitte,"Miami, FL 33131 
(Downtown area)
+2 locations",Miami,127.0
Creative Director,Creative Director,West Marine,"Fort Lauderdale, FL",Miami,118.0
Creative Director - Marketing Manager,Creative Director,Orionvisual,"Miami, FL 33150",Miami,52.400000000000006
"Associate Director, Instructional Design & Development",Creative Director,KPMG,"Miami, FL
+1 location",Miami,104.9
"Director, Experience Design",Creative Director,Magic Leap - Multiple Locations,"Remote in Fort Lauderdale, FL",Miami,141.5
"Boutique Director, Miami Design District, Men's",Creative Director,Christian Dior Couture,"Miami, FL 33137 
(Little Haiti area)",Miami,55.4
Director of Design & Construction,Creative Director,Nova Southeastern University,"Fort Lauderdale, FL 33314",Miami,74.6
"Group Creative Director, CPOS",Creative Director,Square,"Los Angeles, CA",Los Angeles,158.0
Brand Creative Director,Creative Director,NTWRK,"Los Angeles, CA 90079 
(Downtown area)",Los Angeles,105.5
Creative Director - REMOTE WORK,Creative Director,BairesDev,"Remote in Los Angeles, CA",Los Angeles,130.5
Creative Director,Creative Director,Golin,"Los Angeles, CA",Los Angeles,185.0
Executive Creative Director,Creative Director,Mozilla,"Remote in Los Angeles, CA",Los Angeles,101.25
Creative Director (Remote),Creative Director,Olaplex,"Remote in Los Angeles, CA",Los Angeles,149.5
Associate Creative Director,Creative Director,Happylucky Inc,"Los Angeles, CA 90028",Los Angeles,118.0
Creative Director,Creative Director,Dolls Kill,"Los Angeles, CA",Los Angeles,103.65
Creative Director,Creative Director,VaynerMedia LLC,"Los Angeles, CA",Los Angeles,200.5
"Associate Creative Director, Video",Creative Director,Blizzard Entertainment,"Santa Monica, CA 90405",Los Angeles,130.0
Creative Director,Creative Director,DigDeep Right to Water Project,"Hybrid remote in Los Angeles, CA 90021",Los Angeles,110.85
Creative Director,Creative Director,Buck Mason,"Los Angeles, CA 90026 
(Silver Lake area)",Los Angeles,101.1
Associate Creative Director,Creative Director,Team Liquid,"Santa Monica, CA 90401",Los Angeles,97.65
Executive Creative Director,Creative Director,Movement Strategy,"Los Angeles, CA
+2 locations",Los Angeles,125.5
Associate Creative Director,Creative Director,attn:,"Remote in Los Angeles, CA",Los Angeles,124.5
Creative Director,Creative Director,Trailer Park,"Hybrid remote in Los Angeles, CA 90028",Los Angeles,103.85
Associate Creative Director,Creative Director,VaynerMedia LLC,"Los Angeles, CA",Los Angeles,156.5
Creative Director,Creative Director,attn:,"Remote in Los Angeles, CA",Los Angeles,107.4
Metaverse Creative Director,Creative Director,Accenture,"Los Angeles, CA 90013 
(Downtown area)",Los Angeles,211.458
"Director, Creative Advertising",Creative Director,"Sony Pictures Entertainment, Inc.","Culver City, CA",Los Angeles,96.55
Associate Creative Director (Freelance) - Remote,Creative Director,Revolt Media & TV,"Remote in Los Angeles, CA 90028",Los Angeles,116.5
Creative Director (Copy),Creative Director,WONGDOODY,"Los Angeles, CA",Los Angeles,203.0
"Director, Creative Advertising",Creative Director,Lionsgate,"Santa Monica, CA 90404",Los Angeles,114.0
Creative Director,Creative Director,IMAX Corporation,"Los Angeles, CA 90094",Los Angeles,91.15
"Group Creative Director, CPOS",Creative Director,Square,"Los Angeles, CA",Los Angeles,158.0
Brand Creative Director,Creative Director,NTWRK,"Los Angeles, CA 90079 
(Downtown area)",Los Angeles,105.5
Executive Creative Director,Creative Director,Mozilla,"Remote in Los Angeles, CA",Los Angeles,101.25
Creative Director (Remote),Creative Director,Olaplex,"Remote in Los Angeles, CA",Los Angeles,149.5
Creative Director,Creative Director,Golin,"Los Angeles, CA",Los Angeles,185.0
Creative Director - REMOTE WORK,Creative Director,BairesDev,"Remote in Los Angeles, CA",Los Angeles,130.5
"Associate Creative Director, Video",Creative Director,Blizzard Entertainment,"Santa Monica, CA 90405",Los Angeles,130.0
Creative Director,Creative Director,DigDeep Right to Water Project,"Hybrid remote in Los Angeles, CA 90021",Los Angeles,110.85
Creative Director,Creative Director,Dolls Kill,"Los Angeles, CA",Los Angeles,103.65
Creative Director,Creative Director,VaynerMedia LLC,"Los Angeles, CA",Los Angeles,200.5
Associate Creative Director,Creative Director,Happylucky Inc,"Los Angeles, CA 90028",Los Angeles,118.0
Creative Director,Creative Director,Buck Mason,"Los Angeles, CA 90026 
(Silver Lake area)",Los Angeles,101.1
Creative Director,Creative Director,Trailer Park,"Hybrid remote in Los Angeles, CA 90028",Los Angeles,103.85
Associate Creative Director,Creative Director,attn:,"Remote in Los Angeles, CA",Los Angeles,124.5
Creative Director,Creative Director,Code Four,"Huntington Beach, CA 92649",Los Angeles,110.0
Associate Creative Director,Creative Director,Team Liquid,"Santa Monica, CA 90401",Los Angeles,97.65
Executive Creative Director,Creative Director,WarnerMedia,"Burbank, CA 91505",Los Angeles,129.0
Associate Creative Director (Freelance) - Remote,Creative Director,Revolt Media & TV,"Remote in Los Angeles, CA 90028",Los Angeles,116.5
Metaverse Creative Director,Creative Director,Accenture,"Los Angeles, CA 90013 
(Downtown area)",Los Angeles,211.458
Creative Director,Creative Director,IMAX Corporation,"Los Angeles, CA 90094",Los Angeles,91.15
Associate Creative Director,Creative Director,VaynerMedia LLC,"Los Angeles, CA",Los Angeles,156.5
"Director, Creative Advertising",Creative Director,Lionsgate,"Santa Monica, CA 90404",Los Angeles,114.0
Executive Creative Director,Creative Director,One & All,"Remote in Los Angeles, CA",Los Angeles,125.0
Creative Director,Creative Director,attn:,"Remote in Los Angeles, CA",Los Angeles,107.4
"Group Creative Director, CPOS",Creative Director,Square,"Los Angeles, CA",Los Angeles,158.0
Brand Creative Director,Creative Director,NTWRK,"Los Angeles, CA 90079 
(Downtown area)",Los Angeles,105.5
Creative Director,Creative Director,Golin,"Los Angeles, CA",Los Angeles,185.0
Creative Director - REMOTE WORK,Creative Director,BairesDev,"Remote in Los Angeles, CA",Los Angeles,130.5
Executive Creative Director,Creative Director,Mozilla,"Remote in Los Angeles, CA",Los Angeles,101.25
Creative Director,Creative Director,Dolls Kill,"Los Angeles, CA",Los Angeles,103.65
Creative Director,Creative Director,DigDeep Right to Water Project,"Hybrid remote in Los Angeles, CA 90021",Los Angeles,110.85
Associate Creative Director,Creative Director,Happylucky Inc,"Los Angeles, CA 90028",Los Angeles,118.0
Creative Director (Remote),Creative Director,Olaplex,"Remote in Los Angeles, CA",Los Angeles,149.5
"Associate Creative Director, Video",Creative Director,Blizzard Entertainment,"Santa Monica, CA 90405",Los Angeles,130.0
Creative Director,Creative Director,VaynerMedia LLC,"Los Angeles, CA",Los Angeles,200.5
Creative Director,Creative Director,Buck Mason,"Los Angeles, CA 90026 
(Silver Lake area)",Los Angeles,101.1
Associate Creative Director,Creative Director,Team Liquid,"Santa Monica, CA 90401",Los Angeles,97.65
Associate Creative Director,Creative Director,VaynerMedia LLC,"Los Angeles, CA",Los Angeles,156.5
Creative Director,Creative Director,Trailer Park,"Hybrid remote in Los Angeles, CA 90028",Los Angeles,103.85
Associate Creative Director,Creative Director,attn:,"Remote in Los Angeles, CA",Los Angeles,124.5
Metaverse Creative Director,Creative Director,Accenture,"Los Angeles, CA 90013 
(Downtown area)",Los Angeles,211.458
Executive Creative Director,Creative Director,WarnerMedia,"Burbank, CA 91505",Los Angeles,129.0
"Director, Creative Advertising",Creative Director,Lionsgate,"Santa Monica, CA 90404",Los Angeles,114.0
Executive Creative Director,Creative Director,One & All,"Remote in Los Angeles, CA",Los Angeles,125.0
Associate Creative Director (Freelance) - Remote,Creative Director,Revolt Media & TV,"Remote in Los Angeles, CA 90028",Los Angeles,116.5
Creative Director,Creative Director,IMAX Corporation,"Los Angeles, CA 90094",Los Angeles,91.15
